{"cameraMode":{"drawMode":0,"name":"Shaded","section":"Shading Mode"},"sceneLighting":false,"audioPlay":false,"sceneViewState":{"showFog":true,"showMaterialUpdate":true,"showSkybox":true,"showFlares":true,"showImageEffects":true,"showParticleSystems":true},"in2DMode":false,"pivot":{"x":39.48262023925781,"y":1.1716115474700928,"z":-14.36968994140625},"rotation":{"x":0.06615619361400604,"y":0.907899796962738,"z":-0.15678176283836366,"w":0.383101224899292},"size":12.285469055175782,"orthographic":true}